﻿{
  "album" : {
    "album_type" : "album",
    "artists" : [ {
      "external_urls" : {
        "spotify" : "https://open.spotify.com/artist/5S6hjAxgxjsLylsTtMIimO"
      },
      "href" : "https://api.spotify.com/v1/artists/5S6hjAxgxjsLylsTtMIimO",
      "id" : "5S6hjAxgxjsLylsTtMIimO",
      "name" : "Saliva",
      "type" : "artist",
      "uri" : "spotify:artist:5S6hjAxgxjsLylsTtMIimO"
    } ],
    "available_markets" : [ "AD", "AE", "AG", "AL", "AM", "AO", "AR", "AT", "AU", "AZ", "BA", "BB", "BD", "BE", "BF", "BG", "BH", "BI", "BJ", "BN", "BO", "BR", "BS", "BT", "BW", "BY", "BZ", "CA", "CD", "CG", "CH", "CI", "CL", "CM", "CO", "CR", "CV", "CW", "CY", "CZ", "DE", "DJ", "DK", "DM", "DO", "DZ", "EC", "EE", "EG", "ES", "FI", "FJ", "FM", "FR", "GA", "GB", "GD", "GE", "GH", "GM", "GN", "GQ", "GR", "GT", "GW", "GY", "HK", "HN", "HR", "HT", "HU", "ID", "IE", "IL", "IN", "IQ", "IS", "IT", "JM", "JO", "JP", "KE", "KG", "KH", "KI", "KM", "KN", "KR", "KW", "KZ", "LA", "LB", "LC", "LI", "LK", "LR", "LS", "LT", "LU", "LV", "LY", "MA", "MC", "MD", "ME", "MG", "MH", "MK", "ML", "MN", "MO", "MR", "MT", "MU", "MV", "MW", "MX", "MY", "MZ", "NA", "NE", "NG", "NI", "NL", "NO", "NP", "NR", "NZ", "OM", "PA", "PE", "PG", "PH", "PK", "PL", "PS", "PT", "PW", "PY", "QA", "RO", "RS", "RU", "RW", "SA", "SB", "SC", "SE", "SG", "SI", "SK", "SL", "SM", "SN", "SR", "ST", "SV", "SZ", "TD", "TG", "TH", "TJ", "TL", "TN", "TO", "TR", "TT", "TV", "TW", "TZ", "UA", "UG", "US", "UY", "UZ", "VC", "VE", "VN", "VU", "WS", "XK", "ZA", "ZM", "ZW" ],
    "external_urls" : {
      "spotify" : "https://open.spotify.com/album/6gF0b1XROfpwz5bLHM1dRe"
    },
    "href" : "https://api.spotify.com/v1/albums/6gF0b1XROfpwz5bLHM1dRe",
    "id" : "6gF0b1XROfpwz5bLHM1dRe",
    "images" : [ {
      "height" : 640,
      "url" : "https://i.scdn.co/image/ab67616d0000b273c72cc4087da2190116857f37",
      "width" : 640
    }, {
      "height" : 300,
      "url" : "https://i.scdn.co/image/ab67616d00001e02c72cc4087da2190116857f37",
      "width" : 300
    }, {
      "height" : 64,
      "url" : "https://i.scdn.co/image/ab67616d00004851c72cc4087da2190116857f37",
      "width" : 64
    } ],
    "name" : "Every Six Seconds",
    "release_date" : "2001-03-27",
    "release_date_precision" : "day",
    "total_tracks" : 12,
    "type" : "album",
    "uri" : "spotify:album:6gF0b1XROfpwz5bLHM1dRe"
  },
  "artists" : [ {
    "external_urls" : {
      "spotify" : "https://open.spotify.com/artist/5S6hjAxgxjsLylsTtMIimO"
    },
    "href" : "https://api.spotify.com/v1/artists/5S6hjAxgxjsLylsTtMIimO",
    "id" : "5S6hjAxgxjsLylsTtMIimO",
    "name" : "Saliva",
    "type" : "artist",
    "uri" : "spotify:artist:5S6hjAxgxjsLylsTtMIimO"
  } ],
  "available_markets" : [ "AD", "AE", "AG", "AL", "AM", "AO", "AR", "AT", "AU", "AZ", "BA", "BB", "BD", "BE", "BF", "BG", "BH", "BI", "BJ", "BN", "BO", "BR", "BS", "BT", "BW", "BY", "BZ", "CA", "CD", "CG", "CH", "CI", "CL", "CM", "CO", "CR", "CV", "CW", "CY", "CZ", "DE", "DJ", "DK", "DM", "DO", "DZ", "EC", "EE", "EG", "ES", "FI", "FJ", "FM", "FR", "GA", "GB", "GD", "GE", "GH", "GM", "GN", "GQ", "GR", "GT", "GW", "GY", "HK", "HN", "HR", "HT", "HU", "ID", "IE", "IL", "IN", "IQ", "IS", "IT", "JM", "JO", "JP", "KE", "KG", "KH", "KI", "KM", "KN", "KR", "KW", "KZ", "LA", "LB", "LC", "LI", "LK", "LR", "LS", "LT", "LU", "LV", "LY", "MA", "MC", "MD", "ME", "MG", "MH", "MK", "ML", "MN", "MO", "MR", "MT", "MU", "MV", "MW", "MX", "MY", "MZ", "NA", "NE", "NG", "NI", "NL", "NO", "NP", "NR", "NZ", "OM", "PA", "PE", "PG", "PH", "PK", "PL", "PS", "PT", "PW", "PY", "QA", "RO", "RS", "RU", "RW", "SA", "SB", "SC", "SE", "SG", "SI", "SK", "SL", "SM", "SN", "SR", "ST", "SV", "SZ", "TD", "TG", "TH", "TJ", "TL", "TN", "TO", "TR", "TT", "TV", "TW", "TZ", "UA", "UG", "US", "UY", "UZ", "VC", "VE", "VN", "VU", "WS", "XK", "ZA", "ZM", "ZW" ],
  "disc_number" : 1,
  "duration_ms" : 252400,
  "explicit" : false,
  "external_ids" : {
    "isrc" : "USIR20110005"
  },
  "external_urls" : {
    "spotify" : "https://open.spotify.com/track/2CGDxXXYbkPOyRXHzQbqkT"
  },
  "href" : "https://api.spotify.com/v1/tracks/2CGDxXXYbkPOyRXHzQbqkT",
  "id" : "2CGDxXXYbkPOyRXHzQbqkT",
  "is_local" : false,
  "name" : "Click Click Boom",
  "popularity" : 73,
  "preview_url" : "https://p.scdn.co/mp3-preview/bc69e9ce3e851af77a78f1bf25c5ab9e9fca938f?cid=7da969f5951d43d884c7cf118c25d1d7",
  "track_number" : 3,
  "type" : "track",
  "uri" : "spotify:track:2CGDxXXYbkPOyRXHzQbqkT"
}