﻿{
  "album" : {
    "album_type" : "album",
    "artists" : [ {
      "external_urls" : {
        "spotify" : "https://open.spotify.com/artist/2zgG1GPDvjaBgxeQaVXI14"
      },
      "href" : "https://api.spotify.com/v1/artists/2zgG1GPDvjaBgxeQaVXI14",
      "id" : "2zgG1GPDvjaBgxeQaVXI14",
      "name" : "All That Remains",
      "type" : "artist",
      "uri" : "spotify:artist:2zgG1GPDvjaBgxeQaVXI14"
    } ],
    "available_markets" : [ "AD", "AE", "AG", "AL", "AM", "AO", "AR", "AT", "AU", "AZ", "BA", "BB", "BD", "BE", "BF", "BG", "BH", "BI", "BJ", "BN", "BO", "BR", "BS", "BT", "BW", "BY", "BZ", "CA", "CD", "CG", "CH", "CI", "CL", "CM", "CO", "CR", "CV", "CW", "CY", "CZ", "DE", "DJ", "DK", "DM", "DO", "DZ", "EC", "EE", "EG", "ES", "FI", "FJ", "FM", "FR", "GA", "GB", "GD", "GE", "GH", "GM", "GN", "GQ", "GR", "GT", "GW", "GY", "HK", "HN", "HR", "HT", "HU", "ID", "IE", "IL", "IN", "IQ", "IS", "IT", "JM", "JO", "JP", "KE", "KG", "KH", "KI", "KM", "KN", "KR", "KW", "KZ", "LA", "LB", "LC", "LI", "LK", "LR", "LS", "LT", "LU", "LV", "LY", "MA", "MC", "MD", "ME", "MG", "MH", "MK", "ML", "MN", "MO", "MR", "MT", "MU", "MV", "MW", "MX", "MY", "MZ", "NA", "NE", "NG", "NI", "NL", "NO", "NP", "NR", "NZ", "OM", "PA", "PE", "PG", "PH", "PK", "PL", "PS", "PT", "PW", "PY", "QA", "RO", "RS", "RU", "RW", "SA", "SB", "SC", "SE", "SG", "SI", "SK", "SL", "SM", "SN", "SR", "ST", "SV", "SZ", "TD", "TG", "TH", "TJ", "TL", "TN", "TO", "TR", "TT", "TV", "TW", "TZ", "UA", "UG", "US", "UY", "UZ", "VC", "VE", "VN", "VU", "WS", "XK", "ZA", "ZM", "ZW" ],
    "external_urls" : {
      "spotify" : "https://open.spotify.com/album/5LFlBRrSKGrczYQ7avbJ5a"
    },
    "href" : "https://api.spotify.com/v1/albums/5LFlBRrSKGrczYQ7avbJ5a",
    "id" : "5LFlBRrSKGrczYQ7avbJ5a",
    "images" : [ {
      "height" : 640,
      "url" : "https://i.scdn.co/image/ab67616d0000b2737819a67c8d2e62e4dffc93f3",
      "width" : 640
    }, {
      "height" : 300,
      "url" : "https://i.scdn.co/image/ab67616d00001e027819a67c8d2e62e4dffc93f3",
      "width" : 300
    }, {
      "height" : 64,
      "url" : "https://i.scdn.co/image/ab67616d000048517819a67c8d2e62e4dffc93f3",
      "width" : 64
    } ],
    "name" : "The Fall Of Ideals",
    "release_date" : "2006-07-11",
    "release_date_precision" : "day",
    "total_tracks" : 11,
    "type" : "album",
    "uri" : "spotify:album:5LFlBRrSKGrczYQ7avbJ5a"
  },
  "artists" : [ {
    "external_urls" : {
      "spotify" : "https://open.spotify.com/artist/2zgG1GPDvjaBgxeQaVXI14"
    },
    "href" : "https://api.spotify.com/v1/artists/2zgG1GPDvjaBgxeQaVXI14",
    "id" : "2zgG1GPDvjaBgxeQaVXI14",
    "name" : "All That Remains",
    "type" : "artist",
    "uri" : "spotify:artist:2zgG1GPDvjaBgxeQaVXI14"
  } ],
  "available_markets" : [ "AD", "AE", "AG", "AL", "AM", "AO", "AR", "AT", "AU", "AZ", "BA", "BB", "BD", "BE", "BF", "BG", "BH", "BI", "BJ", "BN", "BO", "BR", "BS", "BT", "BW", "BY", "BZ", "CA", "CD", "CG", "CH", "CI", "CL", "CM", "CO", "CR", "CV", "CW", "CY", "CZ", "DE", "DJ", "DK", "DM", "DO", "DZ", "EC", "EE", "EG", "ES", "FI", "FJ", "FM", "FR", "GA", "GB", "GD", "GE", "GH", "GM", "GN", "GQ", "GR", "GT", "GW", "GY", "HK", "HN", "HR", "HT", "HU", "ID", "IE", "IL", "IN", "IQ", "IS", "IT", "JM", "JO", "JP", "KE", "KG", "KH", "KI", "KM", "KN", "KR", "KW", "KZ", "LA", "LB", "LC", "LI", "LK", "LR", "LS", "LT", "LU", "LV", "LY", "MA", "MC", "MD", "ME", "MG", "MH", "MK", "ML", "MN", "MO", "MR", "MT", "MU", "MV", "MW", "MX", "MY", "MZ", "NA", "NE", "NG", "NI", "NL", "NO", "NP", "NR", "NZ", "OM", "PA", "PE", "PG", "PH", "PK", "PL", "PS", "PT", "PW", "PY", "QA", "RO", "RS", "RU", "RW", "SA", "SB", "SC", "SE", "SG", "SI", "SK", "SL", "SM", "SN", "SR", "ST", "SV", "SZ", "TD", "TG", "TH", "TJ", "TL", "TN", "TO", "TR", "TT", "TV", "TW", "TZ", "UA", "UG", "US", "UY", "UZ", "VC", "VE", "VN", "VU", "WS", "XK", "ZA", "ZM", "ZW" ],
  "disc_number" : 1,
  "duration_ms" : 218533,
  "explicit" : false,
  "external_ids" : {
    "isrc" : "USRZR0695601"
  },
  "external_urls" : {
    "spotify" : "https://open.spotify.com/track/2vH5Fy44mcCDUrUk0XbvfH"
  },
  "href" : "https://api.spotify.com/v1/tracks/2vH5Fy44mcCDUrUk0XbvfH",
  "id" : "2vH5Fy44mcCDUrUk0XbvfH",
  "is_local" : false,
  "name" : "This Calling",
  "popularity" : 60,
  "preview_url" : "https://p.scdn.co/mp3-preview/fee9150833a926bea058e7828b4c26e1db255c49?cid=7da969f5951d43d884c7cf118c25d1d7",
  "track_number" : 1,
  "type" : "track",
  "uri" : "spotify:track:2vH5Fy44mcCDUrUk0XbvfH"
}