﻿{
  "album" : {
    "album_type" : "album",
    "artists" : [ {
      "external_urls" : {
        "spotify" : "https://open.spotify.com/artist/2vd2HnNh4pdYa9gDVHFjEu"
      },
      "href" : "https://api.spotify.com/v1/artists/2vd2HnNh4pdYa9gDVHFjEu",
      "id" : "2vd2HnNh4pdYa9gDVHFjEu",
      "name" : "As I Lay Dying",
      "type" : "artist",
      "uri" : "spotify:artist:2vd2HnNh4pdYa9gDVHFjEu"
    } ],
    "available_markets" : [ "AD", "AE", "AG", "AL", "AM", "AO", "AR", "AT", "AU", "AZ", "BA", "BB", "BD", "BE", "BF", "BG", "BH", "BI", "BJ", "BN", "BO", "BR", "BS", "BT", "BW", "BY", "BZ", "CA", "CD", "CG", "CH", "CI", "CL", "CM", "CO", "CR", "CV", "CW", "CY", "CZ", "DE", "DJ", "DK", "DM", "DO", "DZ", "EC", "EE", "EG", "ES", "FI", "FJ", "FM", "FR", "GA", "GB", "GD", "GE", "GH", "GM", "GN", "GQ", "GR", "GT", "GW", "GY", "HK", "HN", "HR", "HT", "HU", "ID", "IE", "IL", "IN", "IQ", "IS", "IT", "JM", "JO", "JP", "KE", "KG", "KH", "KI", "KM", "KN", "KR", "KW", "KZ", "LA", "LB", "LC", "LI", "LK", "LR", "LS", "LT", "LU", "LV", "LY", "MA", "MC", "MD", "ME", "MG", "MH", "MK", "ML", "MN", "MO", "MR", "MT", "MU", "MV", "MW", "MX", "MY", "MZ", "NA", "NE", "NG", "NI", "NL", "NO", "NP", "NR", "NZ", "OM", "PA", "PE", "PG", "PH", "PK", "PL", "PS", "PT", "PW", "PY", "QA", "RO", "RS", "RU", "RW", "SA", "SB", "SC", "SE", "SG", "SI", "SK", "SL", "SM", "SN", "SR", "ST", "SV", "SZ", "TD", "TG", "TH", "TJ", "TL", "TN", "TO", "TR", "TT", "TV", "TW", "TZ", "UA", "UG", "US", "UY", "UZ", "VC", "VE", "VN", "VU", "WS", "XK", "ZA", "ZM", "ZW" ],
    "external_urls" : {
      "spotify" : "https://open.spotify.com/album/2hghqPOGmfBdEfWeMsQWdN"
    },
    "href" : "https://api.spotify.com/v1/albums/2hghqPOGmfBdEfWeMsQWdN",
    "id" : "2hghqPOGmfBdEfWeMsQWdN",
    "images" : [ {
      "height" : 640,
      "url" : "https://i.scdn.co/image/ab67616d0000b273ebfdb4416c9a8290b8378521",
      "width" : 640
    }, {
      "height" : 300,
      "url" : "https://i.scdn.co/image/ab67616d00001e02ebfdb4416c9a8290b8378521",
      "width" : 300
    }, {
      "height" : 64,
      "url" : "https://i.scdn.co/image/ab67616d00004851ebfdb4416c9a8290b8378521",
      "width" : 64
    } ],
    "name" : "An Ocean Between Us",
    "release_date" : "2007-08-21",
    "release_date_precision" : "day",
    "total_tracks" : 12,
    "type" : "album",
    "uri" : "spotify:album:2hghqPOGmfBdEfWeMsQWdN"
  },
  "artists" : [ {
    "external_urls" : {
      "spotify" : "https://open.spotify.com/artist/2vd2HnNh4pdYa9gDVHFjEu"
    },
    "href" : "https://api.spotify.com/v1/artists/2vd2HnNh4pdYa9gDVHFjEu",
    "id" : "2vd2HnNh4pdYa9gDVHFjEu",
    "name" : "As I Lay Dying",
    "type" : "artist",
    "uri" : "spotify:artist:2vd2HnNh4pdYa9gDVHFjEu"
  } ],
  "available_markets" : [ "AD", "AE", "AG", "AL", "AM", "AO", "AR", "AT", "AU", "AZ", "BA", "BB", "BD", "BE", "BF", "BG", "BH", "BI", "BJ", "BN", "BO", "BR", "BS", "BT", "BW", "BY", "BZ", "CA", "CD", "CG", "CH", "CI", "CL", "CM", "CO", "CR", "CV", "CW", "CY", "CZ", "DE", "DJ", "DK", "DM", "DO", "DZ", "EC", "EE", "EG", "ES", "FI", "FJ", "FM", "FR", "GA", "GB", "GD", "GE", "GH", "GM", "GN", "GQ", "GR", "GT", "GW", "GY", "HK", "HN", "HR", "HT", "HU", "ID", "IE", "IL", "IN", "IQ", "IS", "IT", "JM", "JO", "JP", "KE", "KG", "KH", "KI", "KM", "KN", "KR", "KW", "KZ", "LA", "LB", "LC", "LI", "LK", "LR", "LS", "LT", "LU", "LV", "LY", "MA", "MC", "MD", "ME", "MG", "MH", "MK", "ML", "MN", "MO", "MR", "MT", "MU", "MV", "MW", "MX", "MY", "MZ", "NA", "NE", "NG", "NI", "NL", "NO", "NP", "NR", "NZ", "OM", "PA", "PE", "PG", "PH", "PK", "PL", "PS", "PT", "PW", "PY", "QA", "RO", "RS", "RU", "RW", "SA", "SB", "SC", "SE", "SG", "SI", "SK", "SL", "SM", "SN", "SR", "ST", "SV", "SZ", "TD", "TG", "TH", "TJ", "TL", "TN", "TO", "TR", "TT", "TV", "TW", "TZ", "UA", "UG", "US", "UY", "UZ", "VC", "VE", "VN", "VU", "WS", "XK", "ZA", "ZM", "ZW" ],
  "disc_number" : 1,
  "duration_ms" : 260786,
  "explicit" : false,
  "external_ids" : {
    "isrc" : "USMBR0705304"
  },
  "external_urls" : {
    "spotify" : "https://open.spotify.com/track/7lYrz70DntWR7o8Sqfz0Ok"
  },
  "href" : "https://api.spotify.com/v1/tracks/7lYrz70DntWR7o8Sqfz0Ok",
  "id" : "7lYrz70DntWR7o8Sqfz0Ok",
  "is_local" : false,
  "name" : "The Sound Of Truth",
  "popularity" : 58,
  "preview_url" : "https://p.scdn.co/mp3-preview/b0d8c4caed642c831f555bf8f7c198732e2682cf?cid=7da969f5951d43d884c7cf118c25d1d7",
  "track_number" : 9,
  "type" : "track",
  "uri" : "spotify:track:7lYrz70DntWR7o8Sqfz0Ok"
}